<?xml version="1.0" encoding="UTF-8"?>
<GenRun Id="synth_1" LaunchPart="xc7a15tcsg324-1" LaunchTime="1752960193">
  <File Type="PA-TCL" Name="IntMatMulCore.tcl"/>
  <File Type="REPORTS-TCL" Name="IntMatMulCore_reports.tcl"/>
  <File Type="RDS-RDS" Name="IntMatMulCore.vds"/>
  <File Type="RDS-UTIL" Name="IntMatMulCore_utilization_synth.rpt"/>
  <File Type="RDS-UTIL-PB" Name="IntMatMulCore_utilization_synth.pb"/>
  <File Type="RDS-DCP" Name="IntMatMulCore.dcp"/>
  <FileSet Name="sources" Type="DesignSrcs" RelSrcDir="$PSRCDIR/sources_1">
    <Filter Type="Srcs"/>
    <File Path="$PSRCDIR/sources_1/new/IntMatMulCore.vhd">
      <FileInfo>
        <Attr Name="UsedIn" Val="synthesis"/>
        <Attr Name="UsedIn" Val="simulation"/>
      </FileInfo>
    </File>
    <Config>
      <Option Name="DesignMode" Val="RTL"/>
      <Option Name="TopModule" Val="IntMatMulCore"/>
      <Option Name="TopAutoSet" Val="TRUE"/>
    </Config>
  </FileSet>
  <FileSet Name="constrs_in" Type="Constrs" RelSrcDir="$PSRCDIR/constrs_1">
    <Filter Type="Constrs"/>
    <Config>
      <Option Name="ConstrsType" Val="XDC"/>
    </Config>
  </FileSet>
  <FileSet Name="utils" Type="Utils" RelSrcDir="$PSRCDIR/utils_1">
    <Filter Type="Utils"/>
    <Config>
      <Option Name="TopAutoSet" Val="TRUE"/>
    </Config>
  </FileSet>
  <Strategy Version="1" Minor="2">
    <StratHandle Name="Vivado Synthesis Defaults" Flow="Vivado Synthesis 2018"/>
    <Step Id="synth_design"/>
  </Strategy>
  <BlockFileSet Type="BlockSrcs" Name="dpram1024x32"/>
  <BlockFileSet Type="BlockSrcs" Name="dpram1024x96"/>
</GenRun>
