<?xml version="1.0"?>
<Runs Version="1" Minor="0">
	<Run Id="dpram1024x32_synth_1" LaunchDir="D:/fpga/project/project_mul_int/project_mul_int/project_mul_int.runs/dpram1024x32_synth_1" FlowId="Vivado_Synthesis" FromStepId="vivado" ToStepId="vivado"/>
	<Run Id="dpram1024x96_synth_1" LaunchDir="D:/fpga/project/project_mul_int/project_mul_int/project_mul_int.runs/dpram1024x96_synth_1" FlowId="Vivado_Synthesis" FromStepId="vivado" ToStepId="vivado"/>
	<Run Id="synth_1" LaunchDir="D:/fpga/project/project_mul_int/project_mul_int/project_mul_int.runs/synth_1" FlowId="Vivado_Synthesis" FromStepId="vivado" ToStepId="vivado">
		<Parent Id="dpram1024x32_synth_1"/>
		<Parent Id="dpram1024x96_synth_1"/>
	</Run>
	<Parameters>
		<Parameter Name="runs.monitorLSFJobs" Val="true" Type="bool"/>
		<Parameter Name="runs.enableClusterConf" Val="true" Type="bool"/>
	</Parameters>
</Runs>

