<?xml version="1.0" encoding="UTF-8"?>
<GenRun Id="dpram1024x96_synth_1" LaunchPart="xc7a15tcsg324-1" LaunchTime="1752960182">
  <File Type="PA-TCL" Name="dpram1024x96.tcl"/>
  <File Type="REPORTS-TCL" Name="dpram1024x96_reports.tcl"/>
  <File Type="RDS-RDS" Name="dpram1024x96.vds"/>
  <File Type="RDS-UTIL" Name="dpram1024x96_utilization_synth.rpt"/>
  <File Type="RDS-UTIL-PB" Name="dpram1024x96_utilization_synth.pb"/>
  <File Type="RDS-DCP" Name="dpram1024x96.dcp"/>
  <FileSet Name="sources" Type="BlockSrcs" RelSrcDir="$PSRCDIR/dpram1024x96">
    <File Path="$PSRCDIR/sources_1/ip/dpram1024x96/dpram1024x96.xci">
      <FileInfo>
        <Attr Name="UsedIn" Val="synthesis"/>
        <Attr Name="UsedIn" Val="implementation"/>
        <Attr Name="UsedIn" Val="simulation"/>
      </FileInfo>
    </File>
    <Config>
      <Option Name="TopModule" Val="dpram1024x96"/>
      <Option Name="UseBlackboxStub" Val="1"/>
    </Config>
  </FileSet>
  <FileSet Name="constrs_in" Type="BlockSrcs" RelSrcDir="$PSRCDIR/dpram1024x96">
    <File Path="$PSRCDIR/sources_1/ip/dpram1024x96/dpram1024x96.xci">
      <FileInfo>
        <Attr Name="UsedIn" Val="synthesis"/>
        <Attr Name="UsedIn" Val="implementation"/>
        <Attr Name="UsedIn" Val="simulation"/>
      </FileInfo>
    </File>
    <Config>
      <Option Name="TopModule" Val="dpram1024x96"/>
      <Option Name="UseBlackboxStub" Val="1"/>
    </Config>
  </FileSet>
  <FileSet Name="utils" Type="Utils" RelSrcDir="$PSRCDIR/utils_1">
    <Filter Type="Utils"/>
    <Config>
      <Option Name="TopAutoSet" Val="TRUE"/>
    </Config>
  </FileSet>
  <Strategy Version="1" Minor="2">
    <StratHandle Name="Vivado Synthesis Defaults" Flow="Vivado Synthesis 2020"/>
    <Step Id="synth_design"/>
  </Strategy>
</GenRun>
